{"cameraMode":{"drawMode":0,"name":"Shaded","section":"Shading Mode"},"sceneLighting":true,"audioPlay":false,"sceneViewState":{"m_AlwaysRefresh":false,"showFog":true,"showSkybox":true,"showFlares":true,"showImageEffects":true,"showParticleSystems":true,"showVisualEffectGraphs":true,"m_FxEnabled":true},"in2DMode":false,"pivot":{"x":0.8196673393249512,"y":1.3679383993148804,"z":1.6709775924682618},"rotation":{"x":-0.010157314129173756,"y":-0.7087336778640747,"z":-0.01020694151520729,"w":0.7053338885307312},"size":3.5787625312805177,"orthographic":true}