{"cameraMode":{"drawMode":0,"name":"Shaded","section":"Shading Mode"},"sceneLighting":false,"audioPlay":false,"sceneViewState":{"m_AlwaysRefresh":false,"showFog":true,"showSkybox":false,"showFlares":true,"showImageEffects":true,"showParticleSystems":true,"showVisualEffectGraphs":true,"m_FxEnabled":true},"in2DMode":false,"pivot":{"x":0.38778209686279299,"y":-0.317994087934494,"z":1.7799999713897706},"rotation":{"x":0.23288874328136445,"y":0.6751236915588379,"z":-0.23897621035575868,"w":0.6579316854476929},"size":0.8751085996627808,"orthographic":false}